Season,,AvAge,GP,W,L,OL,PTS,PTS%,GF,GA,SOW,SOL,SRS,SOS,TG/G,EVGF,EVGA,PP,PPO,PP%,PPA,PPOA,PK%,SH,SHA,PIM/G,oPIM/G,S,S%,SA,SV%,PDO
2017-2018,Nashville Predators,28.4,82,53,18,11,117,0.713,267,211,6,7,0.71,0.03,5.83,193,145,58,274,21.17,54,299,81.94,10,5,11,9.5,2641,9.9,2659,0.923,101.6
2017-2018,Winnipeg Jets,26.8,82,52,20,10,114,0.695,277,218,4,2,0.74,0.02,6.04,200,159,64,274,23.36,50,274,81.75,9,7,8.1,8.2,2643,10.3,2613,0.917,101
2017-2018,Tampa Bay Lightning,27.5,82,54,23,5,113,0.689,296,236,6,2,0.66,-0.07,6.49,215,167,66,276,23.91,64,267,76.03,9,3,9,9.4,2680,10.8,2683,0.913,102
2017-2018,Boston Bruins,28.6,82,50,20,12,112,0.683,270,214,3,3,0.62,-0.07,5.9,197,161,61,258,23.64,40,245,83.67,9,10,9.3,9.4,2703,9.9,2399,0.912,100.2
2017-2018,Vegas Golden Knights,28,82,51,24,7,109,0.665,272,228,4,3,0.52,-0.01,6.1,207,176,53,248,21.37,44,237,81.43,8,5,6.7,7.2,2686,10,2521,0.911,100.5
2017-2018,Washington Capitals,28.4,82,49,26,7,105,0.64,259,239,3,1,0.21,-0.04,6.07,197,177,55,244,22.54,53,269,80.3,4,8,9.5,8.9,2379,10.8,2613,0.909,101.4
2017-2018,Toronto Maple Leafs,28.3,82,49,26,7,105,0.64,277,232,7,2,0.49,-0.06,6.21,210,182,56,224,25,43,231,81.39,4,5,6.7,6.7,2640,10.2,2776,0.917,101.6
2017-2018,Anaheim Ducks,28.7,82,44,25,13,101,0.616,235,216,4,7,0.24,0.01,5.5,183,159,38,214,17.76,46,274,83.21,10,4,9.7,8.5,2475,9.3,2716,0.923,101.2
2017-2018,Minnesota Wild,29.5,82,45,26,11,101,0.616,253,232,3,3,0.29,0.04,5.91,194,172,49,240,20.42,51,272,81.25,7,6,8.1,7.4,2476,10.1,2569,0.911,100.7
2017-2018,Pittsburgh Penguins,27.7,82,47,29,6,100,0.61,272,250,2,2,0.23,-0.04,6.37,196,192,68,260,26.15,53,265,80,6,3,9.3,8.9,2823,9.6,2553,0.903,98.5
2017-2018,San Jose Sharks,28.8,82,45,27,10,100,0.61,252,229,5,3,0.28,0,5.87,186,189,53,257,20.62,34,224,84.82,8,3,7.5,7.8,2702,9.1,2488,0.909,99.3
2017-2018,Philadelphia Flyers,27.4,82,42,26,14,98,0.598,251,243,2,7,0.07,-0.03,6.02,192,172,54,261,20.69,54,223,75.78,3,10,8.1,8.7,2631,9.5,2448,0.904,100.3
2017-2018,Los Angeles Kings,29.1,82,45,29,8,98,0.598,239,203,2,1,0.44,0,5.39,183,159,49,240,20.42,39,260,85,5,4,8.8,8,2544,9.3,2537,0.92,101
2017-2018,Columbus Blue Jackets,26.4,82,45,30,7,97,0.591,242,230,6,4,0.11,-0.04,5.76,193,168,39,227,17.18,51,214,76.17,4,7,6.5,7.2,2761,8.5,2567,0.912,100.2
2017-2018,New Jersey Devils,27.7,82,44,29,9,97,0.591,248,244,5,4,0.02,-0.03,6,177,187,54,252,21.43,47,258,81.78,12,6,8.2,8.2,2599,9.3,2616,0.908,99.7
2017-2018,Florida Panthers,27.8,82,44,30,8,96,0.585,248,246,3,3,-0.01,-0.04,6.02,188,193,47,249,18.88,45,227,80.18,10,5,10.8,11.5,2822,8.7,2838,0.914,100
2017-2018,Colorado Avalanche,26.4,82,43,30,9,95,0.579,257,237,2,1,0.28,0.04,6.02,183,178,65,296,21.96,45,269,83.27,7,13,8.6,9.4,2432,10.5,2731,0.914,101.3
2017-2018,St. Louis Blues,28.5,82,44,32,6,94,0.573,226,222,3,0,0.1,0.05,5.46,180,166,38,246,15.45,47,231,79.65,5,9,7.5,7.9,2677,8.3,2438,0.909,100
2017-2018,Dallas Stars,28.5,82,42,32,8,92,0.561,235,225,4,3,0.17,0.04,5.61,177,158,47,244,19.26,54,281,80.78,7,10,9.9,9.4,2560,9,2447,0.909,100.3
2017-2018,Calgary Flames,28.4,82,37,35,10,84,0.512,218,248,2,5,-0.33,0.03,5.68,166,187,43,269,15.99,49,269,81.78,7,7,10.9,11,2759,7.8,2554,0.905,98.9
2017-2018,Carolina Hurricanes,27,82,36,35,11,83,0.506,228,256,3,3,-0.35,-0.01,5.9,178,204,44,239,18.41,43,191,77.49,3,6,6.1,6.8,2780,8.1,2367,0.893,98.2
2017-2018,New York Islanders,28.4,82,35,37,10,80,0.488,264,296,3,3,-0.4,-0.01,6.83,198,219,58,250,23.2,63,235,73.19,5,11,7.6,7.8,2572,10.1,2918,0.9,100.4
2017-2018,Edmonton Oilers,26.8,82,36,40,6,78,0.476,234,263,5,1,-0.32,0.03,6.06,187,200,31,210,14.76,57,245,76.73,11,5,9,7.3,2740,8.4,2634,0.901,99.4
2017-2018,New York Rangers,28.7,82,34,39,9,77,0.47,231,268,3,5,-0.46,-0.01,6.09,172,212,51,241,21.16,46,247,81.38,5,5,7.7,7.9,2538,9,2898,0.909,99.8
2017-2018,Chicago Blackhawks,28,82,33,39,10,76,0.463,229,256,1,2,-0.26,0.07,5.91,180,198,43,269,15.99,49,236,79.24,5,7,7.3,8.6,2793,8.2,2697,0.906,99.1
2017-2018,Vancouver Canucks,28.2,82,31,40,11,73,0.445,218,264,0,5,-0.51,0.05,5.88,158,189,53,247,21.46,60,276,78.26,7,10,8.4,7.9,2464,8.8,2641,0.902,99.4
2017-2018,Detroit Red Wings,30.2,82,30,39,13,73,0.445,217,255,5,1,-0.48,-0.01,5.76,162,191,41,234,17.52,58,259,77.61,9,5,8.7,8.1,2490,8.5,2613,0.903,99.5
2017-2018,Montreal Canadiens,27.8,82,29,40,13,71,0.433,209,264,2,6,-0.68,0,5.77,148,184,52,244,21.31,68,263,74.14,7,6,8.4,8.5,2687,7.7,2650,0.903,98.7
2017-2018,Arizona Coyotes,26.5,82,29,41,12,70,0.427,208,256,2,5,-0.53,0.05,5.66,163,195,41,243,16.87,46,224,79.46,2,10,7.7,8.1,2450,8.4,2642,0.905,99.5
2017-2018,Ottawa Senators,29.3,82,28,43,11,67,0.409,221,291,2,7,-0.85,0,6.24,174,222,41,248,16.53,56,235,76.17,4,6,7.7,8.3,2515,8.7,2712,0.895,98.8
2017-2018,Buffalo Sabres,27.1,82,25,45,12,62,0.378,199,280,1,2,-0.98,0.01,5.84,140,216,49,257,19.07,52,235,77.87,9,10,8,8.5,2557,7.7,2681,0.896,98
2016-2017,Washington Capitals,28.4,82,55,19,8,118,0.72,263,182,2,5,0.99,0,5.43,199,130,57,248,22.98,44,272,83.82,5,3,9,8.5,2495,10.5,2282,0.922,102.5
2016-2017,Pittsburgh Penguins,28.7,82,50,21,11,111,0.677,282,234,4,5,0.59,0.01,6.29,213,170,60,260,23.08,52,257,79.77,5,7,8.4,8.7,2745,10.1,2671,0.914,101
2016-2017,Chicago Blackhawks,29.4,82,50,23,9,109,0.665,244,213,4,1,0.32,-0.06,5.57,197,158,42,233,18.03,47,211,77.73,1,7,6.9,7.8,2508,9.6,2574,0.918,101.3
2016-2017,Columbus Blue Jackets,26.2,82,50,24,8,108,0.659,249,195,2,2,0.68,0.02,5.41,195,152,42,211,19.91,39,223,82.51,10,2,8.6,8.5,2540,9.7,2489,0.922,101.2
2016-2017,Minnesota Wild,28.3,82,49,25,8,106,0.646,266,208,3,2,0.63,-0.08,5.78,211,166,47,224,20.98,37,217,82.95,5,3,8,8.3,2527,10.4,2465,0.916,101.5
2016-2017,Anaheim Ducks,27.6,82,46,23,13,105,0.64,223,200,3,3,0.24,-0.04,5.16,164,147,47,251,18.73,43,281,84.7,9,7,11.3,11,2425,9.1,2429,0.919,100.7
2016-2017,Montreal Canadiens,28.8,82,47,26,9,103,0.628,226,200,3,2,0.31,-0.01,5.2,173,145,45,230,19.57,47,249,81.12,5,6,9.1,7.7,2459,9.1,2429,0.918,100.7
2016-2017,Edmonton Oilers,26.7,82,47,26,9,103,0.628,247,212,4,5,0.37,-0.06,5.6,183,159,56,245,22.86,43,223,80.72,4,5,8.8,9.1,2547,9.5,2416,0.914,100.9
2016-2017,New York Rangers,28.3,82,48,28,6,102,0.622,256,220,3,4,0.47,0.03,5.8,197,166,47,232,20.26,45,224,79.91,9,5,7.1,8.1,2438,10.4,2465,0.912,101
2016-2017,St. Louis Blues,28,82,46,29,7,99,0.604,235,218,2,2,0.17,-0.04,5.52,180,171,50,235,21.28,40,263,84.79,3,5,8.6,8.2,2330,10,2327,0.907,100.7
2016-2017,San Jose Sharks,29.6,82,46,29,7,99,0.604,221,201,2,1,0.21,-0.03,5.15,171,153,41,246,16.67,41,212,80.66,7,6,7.6,8.2,2453,8.9,2269,0.912,100.3
2016-2017,Ottawa Senators,28.8,82,44,28,10,98,0.598,212,214,6,4,-0.01,0.01,5.2,156,157,43,254,16.93,50,247,79.76,7,3,10,10.1,2463,8.4,2467,0.915,99.7
2016-2017,Toronto Maple Leafs,26.2,82,40,27,15,95,0.579,251,242,1,8,0.11,0,6.01,186,183,57,244,23.36,44,251,82.47,6,7,9.5,9.9,2617,9.6,2673,0.912,100.5
2016-2017,Boston Bruins,28.8,82,44,31,7,95,0.579,234,212,2,3,0.27,0,5.44,169,165,53,244,21.72,38,266,85.71,10,6,10,9.7,2721,8.5,2194,0.905,98.4
2016-2017,Tampa Bay Lightning,26.8,82,42,30,10,94,0.573,234,227,4,3,0.09,0.01,5.62,164,168,62,272,22.79,48,258,81.4,4,8,10.5,11.2,2452,9.4,2492,0.91,99.8
2016-2017,New York Islanders,28.4,82,41,29,12,94,0.573,241,242,2,4,0.03,0.05,5.89,199,190,35,234,14.96,40,227,82.38,5,7,7.8,7.7,2480,9.6,2616,0.909,100.6
2016-2017,Nashville Predators,27.9,82,41,29,12,94,0.573,240,224,2,4,0.16,-0.04,5.66,177,168,49,259,18.92,46,241,80.91,12,6,10,10.4,2557,9.3,2472,0.911,100.4
2016-2017,Calgary Flames,28.3,82,45,33,4,94,0.573,226,221,4,2,0.02,-0.04,5.45,162,163,52,258,20.16,51,277,81.59,8,5,11.5,10.5,2388,9.3,2354,0.907,99.7
2016-2017,Philadelphia Flyers,27.6,82,39,33,10,88,0.537,219,236,7,5,-0.17,0.04,5.55,154,172,54,277,19.49,50,247,79.76,4,9,10.1,10.9,2585,8.2,2334,0.901,98.5
2016-2017,Winnipeg Jets,26.1,82,40,35,7,87,0.53,249,256,3,1,-0.11,-0.03,6.16,188,184,48,264,18.18,62,275,77.45,10,9,10,9.5,2448,10,2546,0.9,99.9
2016-2017,Carolina Hurricanes,26.8,82,36,31,15,87,0.53,215,236,3,6,-0.21,0.05,5.5,161,192,41,231,17.75,32,202,84.16,10,6,5.5,6.5,2493,8.5,2320,0.901,98.8
2016-2017,Los Angeles Kings,29.1,82,39,35,8,86,0.524,201,205,2,4,-0.07,-0.02,4.95,148,160,46,241,19.09,38,245,84.49,5,3,9,9.1,2553,7.8,2120,0.905,98.5
2016-2017,Florida Panthers,28.6,82,35,36,11,81,0.494,210,237,5,6,-0.3,0.03,5.45,152,187,45,265,16.98,36,245,85.31,8,8,9.7,9.7,2644,7.8,2595,0.911,98.9
2016-2017,Dallas Stars,28.5,82,34,37,11,79,0.482,223,262,1,2,-0.48,-0.01,5.91,171,184,46,257,17.9,65,249,73.9,5,11,9.6,9.5,2505,8.9,2439,0.893,99.5
2016-2017,Detroit Red Wings,28.4,82,33,36,13,79,0.482,207,244,9,0,-0.41,0.04,5.5,157,190,38,252,15.08,45,235,80.85,3,9,8.6,9,2335,8.5,2507,0.903,99.6
2016-2017,Buffalo Sabres,26.4,82,33,37,12,78,0.476,201,237,2,6,-0.41,0.03,5.34,139,174,57,233,24.46,53,237,77.64,3,4,8.8,8.5,2491,8,2813,0.918,99.4
2016-2017,Arizona Coyotes,27.3,82,30,42,10,70,0.427,197,260,6,2,-0.76,0.01,5.57,145,192,38,235,16.17,59,260,77.31,8,7,9.7,8.5,2281,8.4,2797,0.908,99.8
2016-2017,New Jersey Devils,28.1,82,28,40,14,70,0.427,183,244,3,3,-0.67,0.08,5.21,130,176,44,251,17.53,53,261,79.69,6,12,9.8,9.6,2279,7.9,2572,0.906,99
2016-2017,Vancouver Canucks,28.8,82,30,43,9,69,0.421,182,243,4,2,-0.73,0.01,5.18,144,183,32,227,14.1,52,223,76.68,2,6,7.8,7.8,2273,7.8,2605,0.907,99.5
2016-2017,Colorado Avalanche,27.6,82,22,56,4,48,0.293,166,278,1,2,-1.32,0.05,5.41,130,210,30,239,12.55,64,274,76.64,5,2,9.1,8.1,2303,7.2,2603,0.894,97.4
2015-2016,Washington Capitals,27.9,82,56,18,8,120,0.732,252,193,4,2,0.7,-0.02,5.43,191,148,55,251,21.91,38,256,85.16,2,5,9,8.7,2510,9.9,2332,0.918,101.1
2015-2016,Dallas Stars,28.9,82,50,23,9,109,0.665,267,230,2,2,0.45,-0.01,6.06,197,169,58,262,22.14,44,248,82.26,10,15,8.5,8.7,2624,10.1,2371,0.904,99.8
2015-2016,St. Louis Blues,28,82,49,24,9,107,0.652,224,201,5,4,0.28,0,5.18,164,151,51,237,21.52,41,276,85.14,4,5,10.3,9,2474,8.9,2439,0.919,100.1
2015-2016,Pittsburgh Penguins,29,82,48,26,8,104,0.634,245,203,4,4,0.5,-0.01,5.46,182,154,48,261,18.39,40,257,84.44,11,5,8.4,8.8,2722,8.9,2436,0.918,100.5
2015-2016,Anaheim Ducks,27.4,82,46,25,11,103,0.628,218,192,3,4,0.27,-0.05,5,152,148,56,245,22.86,37,290,87.24,7,3,12.3,10.9,2483,8.7,2258,0.917,99.2
2015-2016,Florida Panthers,29.2,82,47,26,9,103,0.628,239,203,7,3,0.42,-0.02,5.39,180,140,47,278,16.91,55,268,79.48,5,5,10.1,10,2358,9.8,2419,0.917,101.7
2015-2016,Chicago Blackhawks,28.6,82,47,26,9,103,0.628,235,209,1,2,0.32,0,5.41,167,158,57,252,22.62,46,233,80.26,10,3,7.1,8.5,2498,9.4,2526,0.918,99.6
2015-2016,Los Angeles Kings,28.3,82,48,28,6,102,0.622,225,195,2,3,0.32,-0.04,5.12,171,136,47,235,20,53,285,81.4,5,3,10.4,9,2625,8.5,2254,0.915,99.8
2015-2016,New York Rangers,29.6,82,46,27,9,101,0.616,236,217,3,2,0.24,0.01,5.52,188,157,42,226,18.58,53,243,78.19,3,5,8.5,8,2336,10,2494,0.914,102.1
2015-2016,New York Islanders,27.9,82,45,27,10,100,0.61,232,216,5,5,0.19,0,5.46,178,169,43,229,18.78,36,232,84.48,7,6,8.5,9,2412,9.4,2495,0.915,100.6
2015-2016,San Jose Sharks,29.1,82,46,30,6,98,0.598,241,210,4,3,0.33,-0.05,5.5,169,154,62,275,22.55,46,236,80.51,6,7,8.6,10.8,2491,9.5,2245,0.908,100
2015-2016,Tampa Bay Lightning,27.3,82,46,31,5,97,0.591,227,201,3,3,0.3,-0.02,5.22,173,150,44,279,15.77,41,257,84.05,7,7,9.7,10.3,2402,9.3,2366,0.916,100.8
2015-2016,Philadelphia Flyers,28.1,82,41,27,14,96,0.585,214,218,3,8,-0.03,0.02,5.27,155,151,53,280,18.93,51,262,80.53,3,8,11.7,11.6,2540,8.3,2519,0.917,100.4
2015-2016,Nashville Predators,28.4,82,41,27,14,96,0.585,228,215,4,2,0.17,0.01,5.4,166,165,51,259,19.69,46,245,81.22,7,2,9.7,9.5,2507,8.9,2242,0.905,99.5
2015-2016,Boston Bruins,28.8,82,42,31,9,93,0.567,240,230,4,2,0.11,-0.02,5.73,179,176,48,234,20.51,48,270,82.22,9,4,11.2,10.2,2620,9,2490,0.908,100.1
2015-2016,Detroit Red Wings,28.7,82,41,30,11,93,0.567,211,224,2,5,-0.16,0,5.3,157,165,50,266,18.8,50,271,81.55,2,4,8.5,8.9,2432,8.6,2439,0.91,99.7
2015-2016,Minnesota Wild,28,82,38,33,11,87,0.53,216,206,3,2,0.13,0.01,5.15,158,153,48,259,18.53,45,204,77.94,7,6,6.4,8.3,2374,9,2347,0.913,100.6
2015-2016,Carolina Hurricanes,27,82,35,31,16,86,0.524,198,226,2,5,-0.31,0.03,5.17,153,184,40,238,16.81,32,204,84.31,3,5,6.6,7.6,2451,8,2261,0.902,98.6
2015-2016,Ottawa Senators,27,82,38,35,9,85,0.518,236,247,6,6,-0.13,0.01,5.89,175,177,38,239,15.9,61,253,75.89,17,3,10.7,10.8,2325,9.9,2688,0.91,101
2015-2016,New Jersey Devils,27.9,82,38,36,8,84,0.512,184,208,2,6,-0.28,0.02,4.78,126,149,51,256,19.92,45,264,82.95,5,8,9.7,9,2003,9.1,2349,0.914,99.6
2015-2016,Montreal Canadiens,28,82,38,38,6,82,0.5,221,236,5,3,-0.18,0,5.57,166,176,42,259,16.22,46,254,81.89,8,11,9.3,9.7,2504,8.6,2408,0.903,99.4
2015-2016,Colorado Avalanche,28.3,82,39,39,4,82,0.5,216,240,4,0,-0.26,0.03,5.56,157,180,48,266,18.05,51,258,80.23,7,9,9.2,9.2,2348,9,2649,0.909,100.5
2015-2016,Buffalo Sabres,26.2,82,35,36,11,81,0.494,201,222,2,7,-0.25,0.01,5.16,145,171,48,254,18.9,38,218,82.57,6,6,8.9,10.1,2418,8.2,2511,0.914,99.2
2015-2016,Arizona Coyotes,27.6,82,35,39,8,78,0.476,209,245,1,1,-0.43,0.01,5.54,151,161,53,300,17.67,69,304,77.3,4,14,12.2,11.3,2265,9.2,2539,0.904,100.6
2015-2016,Winnipeg Jets,26.8,82,35,39,8,78,0.476,215,239,3,3,-0.26,0.03,5.54,164,171,38,257,14.79,61,282,78.37,10,4,11.1,10.2,2427,8.7,2423,0.903,99.7
2015-2016,Calgary Flames,27.7,82,35,40,7,77,0.47,231,260,2,3,-0.36,-0.01,5.99,173,193,46,270,17.04,57,234,75.64,10,7,9,9.3,2398,9.5,2377,0.892,99.4
2015-2016,Columbus Blue Jackets,26.5,82,34,40,8,76,0.463,219,252,6,4,-0.38,0.03,5.74,167,187,43,248,17.34,53,279,81,3,8,12,10.6,2387,8.9,2550,0.903,99.8
2015-2016,Vancouver Canucks,28.9,82,31,38,13,75,0.457,191,243,5,4,-0.62,0.02,5.29,143,184,39,247,15.79,47,249,81.12,4,8,9.8,9.8,2311,8,2668,0.91,99.4
2015-2016,Edmonton Oilers,26.4,82,31,43,8,70,0.427,203,245,4,3,-0.51,0,5.46,151,188,43,237,18.14,49,254,80.71,5,6,9.5,9,2386,8.3,2548,0.905,98.8
2015-2016,Toronto Maple Leafs,27.4,82,29,42,11,69,0.421,198,246,6,6,-0.56,0.03,5.41,149,182,40,259,15.44,50,272,81.62,3,8,8.8,8.9,2515,7.6,2503,0.904,98.4
2014-2015,New York Rangers,29.4,82,53,22,7,113,0.689,252,192,4,5,0.69,-0.04,5.41,200,144,39,232,16.81,37,235,84.26,9,6,8.5,8,2582,9.6,2418,0.923,101.7
2014-2015,Montreal Canadiens,28.4,82,50,22,10,110,0.671,221,189,7,5,0.36,-0.03,5,167,138,40,242,16.53,42,257,83.66,7,4,10,9.1,2334,9.2,2470,0.926,101.3
2014-2015,St. Louis Blues,28.3,82,51,24,7,109,0.665,248,201,9,4,0.59,0.02,5.48,181,150,56,251,22.31,42,257,83.66,2,5,10.9,10.3,2535,9.4,2233,0.912,100.3
2014-2015,Anaheim Ducks,27,82,51,24,7,109,0.665,236,226,8,5,0.1,-0.03,5.63,182,163,37,236,15.68,52,274,81.02,9,6,10.7,9.6,2458,9.3,2367,0.907,100.2
2014-2015,Tampa Bay Lightning,26.9,82,50,24,8,108,0.659,262,211,3,5,0.57,-0.06,5.77,199,158,53,282,18.79,42,257,83.66,7,6,9.7,10.3,2428,10.7,2287,0.91,100.8
2014-2015,Nashville Predators,28.4,82,47,25,10,104,0.634,232,208,6,6,0.33,0.03,5.37,180,152,42,259,16.22,45,234,80.77,4,5,8.3,8.9,2614,8.6,2317,0.913,101
2014-2015,Chicago Blackhawks,29.3,82,48,28,6,102,0.622,229,189,9,3,0.51,0.02,5.1,171,144,46,260,17.69,35,211,83.41,3,7,7,8.6,2777,7.9,2477,0.925,100.3
2014-2015,Vancouver Canucks,29.4,82,48,29,5,101,0.616,242,222,6,2,0.2,-0.05,5.66,184,180,46,238,19.33,38,266,85.71,6,2,10.5,9.5,2453,9.6,2446,0.91,99.5
2014-2015,New York Islanders,27.3,82,47,28,7,101,0.616,252,230,7,6,0.26,-0.01,5.88,185,173,50,267,18.73,48,217,77.88,10,3,8.3,9.2,2771,8.8,2321,0.903,99.4
2014-2015,Washington Capitals,28.1,82,45,26,11,101,0.616,242,203,5,4,0.44,-0.03,5.43,173,145,60,237,25.32,50,266,81.2,4,4,10.3,10.2,2419,9.8,2368,0.916,100.3
2014-2015,Detroit Red Wings,28.9,82,43,25,14,100,0.61,235,221,4,10,0.14,-0.03,5.56,158,148,70,294,23.81,55,288,80.9,3,8,8.6,9.6,2429,9.5,2322,0.909,100
2014-2015,Minnesota Wild,27.7,82,46,28,8,100,0.61,231,201,4,3,0.39,0.03,5.27,184,163,39,246,15.85,32,234,86.32,4,3,8.7,9.6,2522,9,2265,0.913,100.2
2014-2015,Winnipeg Jets,27.3,82,43,26,13,99,0.604,230,210,7,6,0.29,0.04,5.37,165,143,48,269,17.84,56,308,81.82,10,5,12.9,11.5,2439,9.1,2350,0.913,100.8
2014-2015,Ottawa Senators,26.9,82,43,26,13,99,0.604,238,215,6,7,0.25,-0.04,5.52,179,156,47,280,16.79,44,257,82.88,6,8,10,10.8,2539,9.1,2635,0.921,101
2014-2015,Pittsburgh Penguins,29.5,82,43,27,12,98,0.598,221,210,4,6,0.12,-0.01,5.26,162,151,49,254,19.29,42,277,84.84,6,11,13.4,11.8,2594,8.4,2401,0.915,100
2014-2015,Calgary Flames,28.2,82,45,30,7,97,0.591,241,216,4,3,0.26,-0.05,5.57,183,174,48,255,18.82,36,186,80.65,6,3,7.4,8.8,2252,10.5,2391,0.911,100.8
2014-2015,Boston Bruins,28.3,82,41,27,14,96,0.585,213,211,4,10,0.01,-0.01,5.17,163,154,38,213,17.84,44,244,81.97,8,3,9.3,8.3,2546,8.2,2449,0.918,100.1
2014-2015,Los Angeles Kings,28.5,82,40,27,15,95,0.579,220,205,2,8,0.16,-0.03,5.18,164,150,47,247,19.03,45,236,80.93,7,2,9,8.9,2536,8.6,2214,0.911,100.2
2014-2015,Dallas Stars,28.5,82,41,31,10,92,0.561,261,260,4,3,0.06,0.05,6.35,193,201,55,290,18.97,49,254,80.71,9,7,9.4,10.8,2558,10,2454,0.895,99.8
2014-2015,Florida Panthers,29.2,82,38,29,15,91,0.555,206,223,8,10,-0.23,-0.02,5.23,157,157,40,246,16.26,50,250,80,1,6,8.7,8.9,2516,7.9,2424,0.912,99.6
2014-2015,Colorado Avalanche,28.6,82,39,31,12,90,0.549,219,227,10,4,-0.04,0.06,5.44,168,184,37,247,14.98,37,241,84.65,4,2,9.2,9.4,2286,9.1,2719,0.918,101.1
2014-2015,San Jose Sharks,28.5,82,40,33,9,89,0.543,228,232,4,6,-0.08,-0.03,5.61,165,173,55,254,21.65,48,223,78.48,4,5,9.1,10.2,2591,8.6,2436,0.907,99.2
2014-2015,Columbus Blue Jackets,27,82,42,35,5,89,0.543,236,250,9,2,-0.16,0.01,5.93,169,183,53,244,21.72,60,303,80.2,5,5,11.8,10.8,2366,9.6,2742,0.91,99.8
2014-2015,Philadelphia Flyers,28.6,82,33,31,18,84,0.512,215,234,3,11,-0.23,0,5.48,149,156,60,256,23.44,61,266,77.07,3,6,9.9,9.1,2413,8.8,2481,0.91,100.4
2014-2015,New Jersey Devils,30.5,82,32,36,14,78,0.476,181,216,5,7,-0.4,0.02,4.84,128,149,41,212,19.34,52,268,80.6,7,8,9.1,7.5,2008,8.8,2518,0.917,100.7
2014-2015,Carolina Hurricanes,27.9,82,30,41,11,71,0.433,188,226,5,7,-0.44,0.02,5.05,136,186,45,240,18.75,29,190,84.74,2,4,6.5,7.9,2524,7.3,2236,0.902,97.6
2014-2015,Toronto Maple Leafs,27.7,82,30,44,8,68,0.415,211,262,5,5,-0.61,0.02,5.77,154,193,45,283,15.9,52,266,80.45,7,12,9.9,10.5,2397,8.6,2748,0.906,99.4
2014-2015,Edmonton Oilers,27.2,82,24,44,14,62,0.378,198,283,5,7,-1.01,0.03,5.87,148,218,41,232,17.67,51,219,76.71,4,7,8.1,8.6,2331,8.3,2464,0.888,97.6
2014-2015,Arizona Coyotes,28.5,82,24,50,8,56,0.341,170,272,5,5,-1.2,0.04,5.39,115,195,46,230,20,65,279,76.7,4,7,9.3,8.3,2393,6.9,2722,0.902,97.5
2014-2015,Buffalo Sabres,26.9,82,23,51,8,54,0.329,161,274,8,5,-1.33,0.05,5.3,116,197,30,224,13.39,64,257,75.1,7,8,10.2,9.5,1984,7.7,2920,0.908,99.5
2013-2014,Boston Bruins,27.6,82,54,19,9,117,0.713,261,177,3,6,0.92,-0.11,5.34,199,122,50,230,21.74,43,263,83.65,9,6,10.7,10,2612,9.9,2385,0.928,102.1
2013-2014,Anaheim Ducks,27.7,82,54,20,8,116,0.707,266,209,3,6,0.68,-0.01,5.79,209,147,44,275,16,48,270,82.22,10,8,10.8,12.4,2569,10.2,2353,0.914,102
2013-2014,Colorado Avalanche,26.9,82,52,22,8,112,0.683,250,220,5,4,0.4,0.04,5.73,192,167,50,252,19.84,48,249,80.72,3,1,10.6,10.3,2420,10.1,2678,0.919,101.5
2013-2014,San Jose Sharks,28.7,82,51,22,9,111,0.677,249,200,10,7,0.6,0,5.48,181,154,50,291,17.18,33,219,84.93,8,6,8.9,11,2851,8.4,2281,0.915,99.7
2013-2014,St. Louis Blues,27.4,82,52,23,7,111,0.677,248,191,9,3,0.71,0.01,5.35,177,140,56,283,19.79,42,293,85.67,6,6,14,14.1,2402,10,2163,0.913,100.6
2013-2014,Pittsburgh Penguins,28.3,82,51,24,7,109,0.665,249,207,7,3,0.47,-0.04,5.56,173,160,65,278,23.38,38,254,85.04,4,6,10,10.8,2454,9.9,2358,0.913,100.1
2013-2014,Chicago Blackhawks,27.5,82,46,21,15,107,0.652,267,220,6,8,0.6,0.02,5.94,202,160,50,257,19.46,46,248,81.45,9,6,8.3,8.4,2715,9.6,2229,0.905,99.9
2013-2014,Tampa Bay Lightning,27.1,82,46,27,9,101,0.616,240,215,8,6,0.25,-0.06,5.55,172,149,50,270,18.52,52,270,80.74,10,8,10,10.1,2446,9.5,2397,0.913,100.5
2013-2014,Montreal Canadiens,28.3,82,46,28,8,100,0.61,215,204,6,3,0.08,-0.05,5.11,155,150,48,279,17.2,43,289,85.12,6,8,12.7,12.6,2330,9,2541,0.921,100.5
2013-2014,Los Angeles Kings,27.4,82,46,28,8,100,0.61,206,174,8,6,0.4,0.01,4.63,150,112,43,284,15.14,50,296,83.11,5,6,10.6,10.9,2595,7.6,2148,0.922,100.1
2013-2014,Minnesota Wild,27.2,82,43,27,12,98,0.598,207,206,8,8,0.07,0.05,5.04,150,137,45,252,17.86,53,250,78.8,4,8,9.4,9.9,2180,9.1,2273,0.913,101
2013-2014,New York Rangers,27.4,82,45,31,6,96,0.585,218,193,4,3,0.26,-0.04,5.01,156,149,48,264,18.18,34,232,85.34,10,7,9.9,10.2,2719,7.9,2412,0.921,99.8
2013-2014,Philadelphia Flyers,27.7,82,42,30,10,94,0.573,236,235,3,8,-0.01,-0.02,5.74,167,168,58,294,19.73,48,316,84.81,8,11,14.3,13.4,2490,9.4,2508,0.909,100.2
2013-2014,Detroit Red Wings,28.6,82,39,28,15,93,0.567,222,230,5,9,-0.14,-0.04,5.51,164,166,50,282,17.73,50,295,83.05,3,5,8.6,8.5,2456,8.8,2400,0.908,100.2
2013-2014,Columbus Blue Jackets,26.1,82,43,32,7,93,0.567,231,216,5,2,0.16,-0.03,5.45,163,156,54,280,19.29,50,280,82.14,9,8,11,10.8,2431,9.3,2524,0.915,100.7
2013-2014,Dallas Stars,28.2,82,40,31,11,91,0.555,235,228,4,5,0.14,0.05,5.65,177,169,46,290,15.86,49,263,81.37,8,5,10.8,11.4,2597,8.9,2492,0.911,100.3
2013-2014,Washington Capitals,26.5,82,38,30,14,90,0.549,235,240,10,11,-0.08,-0.02,5.79,152,168,68,291,23.37,51,284,82.04,5,10,11.5,12.1,2412,9.3,2750,0.917,100.2
2013-2014,Phoenix Coyotes,28.7,82,37,30,15,89,0.543,216,231,6,7,-0.16,0.03,5.45,150,162,56,282,19.86,57,272,79.04,3,5,9.7,9.7,2497,8.4,2540,0.912,100.2
2013-2014,Nashville Predators,26.7,82,38,32,12,88,0.537,216,242,2,9,-0.25,0.07,5.59,166,186,46,239,19.25,47,238,80.25,2,0,9.6,9.1,2382,9,2370,0.902,99.2
2013-2014,New Jersey Devils,30.6,82,35,29,18,88,0.537,197,208,0,13,-0.15,-0.02,4.94,141,155,47,241,19.5,36,264,86.36,9,4,7.7,8.1,2199,9,2089,0.907,98.8
2013-2014,Ottawa Senators,26.6,82,37,31,14,88,0.537,236,265,7,7,-0.37,-0.02,6.11,174,186,50,271,18.45,61,320,80.94,5,10,13.2,11.8,2691,8.5,2849,0.909,99.6
2013-2014,Winnipeg Jets,26.3,82,37,35,10,84,0.512,227,237,8,6,-0.07,0.06,5.66,174,176,40,259,15.44,49,291,83.16,5,6,11.6,10.4,2516,8.7,2472,0.907,99.4
2013-2014,Toronto Maple Leafs,26.2,82,38,36,8,84,0.512,231,256,9,4,-0.34,-0.04,5.94,165,182,50,252,19.84,58,268,78.36,7,12,12.6,11.7,2290,9.7,2945,0.914,101
2013-2014,Carolina Hurricanes,27,82,36,35,11,83,0.506,207,230,2,4,-0.29,-0.01,5.33,153,174,41,281,14.59,44,241,81.74,11,8,7.8,8.8,2561,8,2537,0.911,99.4
2013-2014,Vancouver Canucks,28.6,82,36,35,11,83,0.506,196,223,5,7,-0.3,0.03,5.11,146,166,39,257,15.18,46,274,83.21,6,4,13.4,11.9,2527,7.6,2327,0.907,99.4
2013-2014,New York Islanders,26.2,82,34,37,11,79,0.482,225,267,9,6,-0.51,0,6,159,196,49,276,17.75,58,265,78.11,8,7,12.3,11.4,2537,8.5,2464,0.894,98.6
2013-2014,Calgary Flames,26.7,82,35,40,7,77,0.47,209,241,7,3,-0.35,0.04,5.49,151,188,39,249,15.66,43,235,81.7,12,7,10.3,10.4,2199,9.2,2345,0.899,98.9
2013-2014,Edmonton Oilers,26.5,82,29,44,9,67,0.409,203,270,4,3,-0.75,0.07,5.77,149,204,46,271,16.97,50,280,82.14,4,13,11.5,11.7,2208,9,2696,0.901,99.2
2013-2014,Florida Panthers,29,82,29,45,8,66,0.402,196,268,8,6,-0.87,0.01,5.66,153,193,27,269,10.04,63,262,75.95,8,6,10.2,10.8,2451,7.7,2551,0.897,98.5
2013-2014,Buffalo Sabres,26.6,82,21,51,10,52,0.317,157,248,7,5,-1.09,0.02,4.94,109,187,36,256,14.06,51,274,81.39,5,5,10.8,10.3,2156,7,2816,0.914,98.4
2012-2013,Chicago Blackhawks,26.8,48,36,7,5,77,0.802,155,102,6,5,1.04,-0.07,5.35,119,74,25,150,16.67,18,141,87.23,5,5,9.1,9.8,1494,10,1258,0.923,101.7
2012-2013,Pittsburgh Penguins,29,48,36,12,0,72,0.75,165,119,3,0,0.91,-0.05,5.92,118,82,42,170,24.71,34,167,79.64,2,3,11.5,12,1438,11.3,1403,0.915,102.5
2012-2013,Anaheim Ducks,28.8,48,30,12,6,66,0.688,140,118,6,3,0.43,-0.02,5.38,100,80,29,135,21.48,30,162,81.48,5,5,10.9,9.4,1347,9.9,1340,0.914,101.5
2012-2013,Montreal Canadiens,27.8,48,29,14,5,63,0.656,149,126,3,2,0.46,-0.02,5.73,104,87,42,203,20.69,35,173,79.77,0,2,13,14.6,1468,9.9,1293,0.904,100.9
2012-2013,Boston Bruins,27.8,48,28,14,6,62,0.646,131,109,4,3,0.44,-0.02,5,104,83,18,122,14.75,21,163,87.12,5,2,11.9,9.5,1557,8.2,1373,0.923,100.5
2012-2013,St. Louis Blues,26.3,48,29,17,2,60,0.625,129,115,5,1,0.31,0.02,5.08,92,86,29,149,19.46,23,150,84.67,3,5,10.7,11,1336,9.3,1161,0.902,99.4
2012-2013,Los Angeles Kings,26.5,48,27,16,5,59,0.615,133,118,2,4,0.29,-0.02,5.23,96,86,33,166,19.88,27,161,83.23,2,1,9.8,10.4,1431,9.2,1198,0.905,99.2
2012-2013,Vancouver Canucks,28.2,48,26,15,7,59,0.615,127,121,5,6,0.07,-0.06,5.17,94,85,26,165,15.76,27,169,84.02,2,3,12.6,12.9,1350,9,1389,0.917,100.4
2012-2013,Toronto Maple Leafs,26,48,26,17,5,57,0.594,145,133,0,5,0.27,0.02,5.79,113,105,31,166,18.67,19,157,87.9,1,4,15.9,15,1264,11.5,1549,0.917,102.5
2012-2013,Washington Capitals,26.6,48,27,18,3,57,0.594,149,130,3,0,0.31,-0.09,5.81,99,90,44,164,26.83,36,163,77.91,3,4,10.6,11.3,1350,10.8,1551,0.916,101.2
2012-2013,San Jose Sharks,28.9,48,25,16,7,57,0.594,124,116,8,4,0.17,0.01,5,79,86,34,169,20.12,22,147,85.03,3,4,10.8,11,1526,7.6,1390,0.919,99.7
2012-2013,Ottawa Senators,27.4,48,25,17,6,56,0.583,116,104,4,4,0.27,0.02,4.58,85,79,25,157,15.92,20,167,88.02,2,1,13.5,13.5,1591,7,1502,0.933,99.6
2012-2013,Detroit Red Wings,28.2,48,24,16,8,56,0.583,124,115,2,5,0.2,0.01,4.98,85,75,34,185,18.38,30,164,81.71,3,5,9.6,11.2,1447,8.4,1322,0.917,100.2
2012-2013,New York Rangers,27.2,48,26,18,4,56,0.583,130,112,4,4,0.38,0,5.04,97,76,24,153,15.69,28,148,81.08,5,4,9,9.9,1483,8.5,1353,0.92,100.8
2012-2013,Columbus Blue Jackets,26.3,48,24,17,7,55,0.573,120,119,5,4,0.03,0.01,4.98,90,88,22,155,14.19,25,144,82.64,3,2,12.4,12.5,1283,9,1436,0.92,101.2
2012-2013,Minnesota Wild,27.8,48,26,19,3,55,0.573,122,127,4,2,-0.16,-0.05,5.19,90,99,27,151,17.88,26,135,80.74,1,0,11.2,11.7,1382,8.5,1299,0.904,98.9
2012-2013,New York Islanders,28.7,48,24,17,7,55,0.573,139,139,4,3,0.03,0.03,5.79,102,108,31,156,19.87,28,142,80.28,2,0,9.5,10.1,1485,9.1,1352,0.899,99.1
2012-2013,Phoenix Coyotes,28.4,48,21,18,9,51,0.531,125,131,4,6,-0.1,0.03,5.33,94,89,25,169,14.79,34,169,79.88,2,2,10.3,9.8,1482,8.2,1467,0.915,100.2
2012-2013,Winnipeg Jets,26.4,48,24,21,3,51,0.531,128,144,2,3,-0.36,-0.03,5.67,105,110,20,145,13.79,28,138,79.71,1,3,11,10.4,1389,9.1,1424,0.901,99.6
2012-2013,Philadelphia Flyers,27.9,48,23,22,3,49,0.51,133,141,1,2,-0.14,0.03,5.71,93,110,37,171,21.64,26,184,85.87,2,3,15.4,15.3,1394,9.5,1371,0.899,99.1
2012-2013,Buffalo Sabres,27.3,48,21,21,6,48,0.5,125,143,7,4,-0.31,0.07,5.58,88,95,23,163,14.11,37,178,79.21,7,7,13,12,1339,8.8,1606,0.913,100.5
2012-2013,New Jersey Devils,30.8,48,19,19,10,48,0.5,112,129,2,7,-0.31,0.04,5.02,71,84,28,176,15.91,32,169,81.07,11,6,10.3,11.3,1362,8,1110,0.89,97.8
2012-2013,Dallas Stars,28.2,48,22,22,4,48,0.5,130,142,2,1,-0.21,0.05,5.67,97,104,29,171,16.96,34,179,81.01,2,3,12.6,13,1261,10.2,1489,0.905,101.1
2012-2013,Edmonton Oilers,26.4,48,19,22,7,45,0.469,125,134,2,3,-0.22,-0.03,5.4,85,101,34,169,20.12,29,175,83.43,4,1,10.5,11,1285,9.6,1572,0.917,100.6
2012-2013,Calgary Flames,29,48,19,25,4,42,0.438,128,160,0,3,-0.65,0.02,6,91,127,31,155,20,28,151,81.46,6,2,10.7,9.8,1293,9.9,1412,0.889,97.9
2012-2013,Carolina Hurricanes,26.9,48,19,25,4,42,0.438,128,160,1,1,-0.65,0.02,6,100,119,24,165,14.55,36,161,77.64,3,4,11,10.4,1545,8.2,1546,0.898,98.7
2012-2013,Nashville Predators,27.3,48,16,23,9,41,0.427,111,139,2,6,-0.5,0.09,5.21,84,95,24,140,17.14,34,139,75.54,1,4,9.6,9.9,1244,8.8,1335,0.9,99.7
2012-2013,Tampa Bay Lightning,27.7,48,18,26,4,40,0.417,148,150,1,3,-0.11,-0.07,6.21,116,113,31,163,19.02,30,155,80.65,0,4,11.8,12.8,1323,11.1,1451,0.899,101
2012-2013,Colorado Avalanche,26.7,48,16,25,7,39,0.406,116,152,2,2,-0.73,0.02,5.58,90,111,21,140,15,36,183,80.33,3,3,12.3,9.7,1415,8.1,1508,0.901,98.6
2012-2013,Florida Panthers,27.8,48,15,27,6,36,0.375,112,171,3,1,-1.18,0.05,5.9,76,130,29,142,20.42,39,151,74.17,4,1,11.1,10.2,1400,7.8,1504,0.887,96.6
2011-2012,Vancouver Canucks,28.5,82,51,22,9,111,0.677,249,198,8,7,0.57,-0.05,5.45,177,147,57,288,19.79,40,286,86.01,7,4,12.7,12.1,2583,9.3,2526,0.924,101.2
2011-2012,New York Rangers,26.5,82,51,24,7,109,0.665,226,187,4,5,0.46,-0.02,5.04,170,142,44,280,15.71,36,260,86.15,8,4,12.7,14.2,2338,9.5,2281,0.92,100.9
2011-2012,St. Louis Blues,26.5,82,49,22,11,109,0.665,210,165,4,10,0.54,-0.01,4.57,154,112,45,269,16.73,40,282,85.82,7,3,12.8,12,2511,8.2,2190,0.929,100.7
2011-2012,Pittsburgh Penguins,28.5,82,51,25,6,108,0.659,282,221,9,3,0.71,-0.03,6.13,205,175,57,289,19.72,33,270,87.78,11,10,10.6,12.1,2779,9.8,2247,0.903,99.8
2011-2012,Nashville Predators,26.8,82,48,26,8,104,0.634,237,210,5,5,0.34,0.01,5.45,173,161,54,250,21.6,40,244,83.61,5,4,8.3,8.1,2261,10.3,2522,0.919,101
2011-2012,Philadelphia Flyers,27.3,82,47,26,9,103,0.628,264,232,4,7,0.39,0,6.05,188,158,66,335,19.7,58,319,81.82,6,9,15.9,16.1,2641,9.8,2329,0.903,100.4
2011-2012,Detroit Red Wings,30,82,48,28,6,102,0.622,248,203,9,3,0.55,0,5.5,189,139,48,298,16.11,50,274,81.75,2,11,8.2,10.1,2638,9.1,2212,0.91,101.2
2011-2012,New Jersey Devils,30.1,82,48,28,6,102,0.622,228,209,12,4,0.23,0,5.33,155,165,46,267,17.23,27,259,89.58,15,13,11.3,10.5,2253,9.6,2199,0.907,99.7
2011-2012,Boston Bruins,28.8,82,49,29,4,102,0.622,269,202,9,3,0.75,-0.07,5.74,209,155,43,250,17.2,43,260,83.46,8,1,13.3,11.6,2653,9.8,2441,0.918,101.2
2011-2012,Chicago Blackhawks,27,82,45,26,11,101,0.616,248,238,7,7,0.14,0.02,5.93,192,177,42,277,15.16,51,233,78.11,7,3,10.1,11.2,2583,9.3,2343,0.901,99.2
2011-2012,Phoenix Coyotes,28.9,82,42,27,13,97,0.591,216,204,6,10,0.16,0.01,5.12,170,152,34,251,13.55,36,249,85.54,6,6,9,9.4,2428,8.6,2592,0.925,100.9
2011-2012,San Jose Sharks,28.1,82,43,29,10,96,0.585,228,210,9,5,0.22,0,5.34,159,149,57,270,21.11,52,225,76.89,3,4,9.4,11.1,2773,7.9,2342,0.912,99.6
2011-2012,Los Angeles Kings,26.7,82,40,27,15,95,0.579,194,179,6,9,0.19,0.01,4.55,130,130,49,289,16.96,38,293,87.03,9,2,11.2,11,2509,7.5,2248,0.924,99.1
2011-2012,Florida Panthers,29,82,38,26,18,94,0.573,203,227,6,11,-0.33,-0.03,5.24,140,161,53,286,18.53,49,239,79.5,4,6,9.3,10.8,2433,8.1,2505,0.914,99.4
2011-2012,Ottawa Senators,27.8,82,41,31,10,92,0.561,249,240,6,4,0.09,-0.02,5.96,185,172,49,270,18.15,57,310,81.61,9,7,13.7,12,2574,9.4,2627,0.91,100.1
2011-2012,Washington Capitals,27.6,82,42,32,8,92,0.561,222,230,4,4,-0.13,-0.03,5.51,174,167,41,245,16.73,49,266,81.58,3,10,9.2,8.3,2295,9.5,2475,0.909,100.4
2011-2012,Calgary Flames,29.6,82,37,29,16,90,0.549,202,226,3,9,-0.28,0.01,5.22,150,169,46,260,17.69,42,268,84.33,3,6,10.5,10.2,2258,8.8,2528,0.914,100.3
2011-2012,Dallas Stars,28.4,82,42,35,5,89,0.543,211,222,7,4,-0.1,0.03,5.28,166,163,33,244,13.52,52,303,82.84,5,3,12.3,10.7,2314,8.8,2527,0.914,99.8
2011-2012,Buffalo Sabres,27,82,39,32,11,89,0.543,218,230,7,7,-0.15,0,5.46,162,169,44,258,17.05,47,257,81.71,5,7,10.8,11.9,2397,8.8,2571,0.913,100.6
2011-2012,Colorado Avalanche,25.9,82,41,35,6,88,0.537,208,220,9,2,-0.13,0.01,5.22,153,167,41,223,18.39,47,277,83.03,5,4,10.9,9.3,2583,7.7,2426,0.91,99.2
2011-2012,Tampa Bay Lightning,29.5,82,38,36,8,84,0.512,235,281,3,3,-0.57,-0.01,6.29,189,207,41,269,15.24,59,284,79.23,2,12,10.4,10,2227,10.4,2501,0.889,100.1
2011-2012,Winnipeg Jets,26.2,82,37,35,10,84,0.512,225,246,4,4,-0.3,-0.04,5.74,173,176,45,251,17.93,58,292,80.14,3,8,11,9.5,2471,8.9,2470,0.902,99.8
2011-2012,Carolina Hurricanes,26.5,82,33,33,16,82,0.5,213,243,1,6,-0.39,-0.02,5.56,150,184,49,294,16.67,49,252,80.56,12,4,9.2,10.7,2497,8.5,2653,0.911,99.5
2011-2012,Minnesota Wild,27.4,82,35,36,11,81,0.494,177,226,11,9,-0.58,0.02,4.91,122,162,39,258,15.12,51,285,82.11,5,4,11.9,12,2174,7.6,2570,0.916,98.9
2011-2012,Anaheim Ducks,28.5,82,34,36,12,80,0.488,204,231,3,7,-0.29,0.04,5.3,152,168,45,271,16.61,51,283,81.98,4,5,11.7,11.1,2291,8.8,2367,0.905,99.6
2011-2012,Toronto Maple Leafs,25.9,82,35,37,10,80,0.488,231,264,4,5,-0.38,0.02,6.04,173,198,49,267,18.35,55,242,77.27,5,6,9.9,10.3,2322,9.8,2528,0.898,99.5
2011-2012,New York Islanders,27.8,82,34,37,11,79,0.482,203,255,7,4,-0.58,0.05,5.59,147,200,45,243,18.52,46,236,80.51,4,5,9.2,8.7,2410,8.1,2469,0.898,98.2
2011-2012,Montreal Canadiens,26.8,82,31,35,16,78,0.476,212,226,5,12,-0.17,0,5.34,154,170,43,301,14.29,36,315,88.57,10,8,11.4,11.8,2340,8.8,2432,0.912,100.4
2011-2012,Edmonton Oilers,27.4,82,32,40,10,74,0.451,212,239,5,7,-0.32,0.01,5.5,148,172,54,262,20.61,52,296,82.43,5,8,11.2,9.8,2186,9.5,2518,0.908,100.1
2011-2012,Columbus Blue Jackets,26.7,82,29,46,7,65,0.396,202,262,4,5,-0.65,0.08,5.66,142,185,49,317,15.46,64,274,76.64,7,8,12.5,13.8,2454,8.1,2537,0.899,99.2
2010-2011,Vancouver Canucks,28.1,82,54,19,9,117,0.713,262,185,4,5,0.87,-0.07,5.45,180,133,72,296,24.32,45,312,85.58,6,2,11.4,11.1,2624,9.8,2470,0.927,101.3
2010-2011,Washington Capitals,25.9,82,48,23,11,107,0.652,224,197,5,6,0.27,-0.06,5.13,166,143,46,263,17.49,43,299,85.62,7,5,11,10.5,2566,8.5,2375,0.92,100.2
2010-2011,Philadelphia Flyers,27.6,82,47,23,12,106,0.646,259,223,3,7,0.4,-0.04,5.88,194,157,49,295,16.61,54,313,82.75,13,5,13.5,13.1,2605,9.8,2471,0.913,101.1
2010-2011,Pittsburgh Penguins,27.4,82,49,25,8,106,0.646,238,199,10,3,0.43,-0.05,5.33,166,145,49,311,15.76,45,324,86.11,13,6,16.7,16.2,2581,8.8,2352,0.917,100.1
2010-2011,San Jose Sharks,27.9,82,48,25,9,105,0.64,248,213,5,5,0.44,0.02,5.62,169,145,68,290,23.45,56,273,79.49,6,7,11.2,11.7,2832,8.6,2368,0.912,100.2
2010-2011,Detroit Red Wings,30.7,82,47,25,10,104,0.634,261,241,4,4,0.27,0.03,6.12,185,177,67,301,22.26,53,300,82.33,5,7,9.1,9.3,2757,9.3,2514,0.906,99.6
2010-2011,Tampa Bay Lightning,29,82,46,25,11,103,0.628,247,240,6,6,0.04,-0.05,5.94,171,169,69,336,20.54,49,302,83.77,1,16,10.7,11.5,2605,9.3,2354,0.901,99.2
2010-2011,Boston Bruins,28.3,82,46,25,11,103,0.628,246,195,2,6,0.56,-0.07,5.38,190,138,43,266,16.17,46,265,82.64,11,5,13.5,13.6,2696,9.1,2682,0.93,102.1
2010-2011,Phoenix Coyotes,29,82,43,26,13,99,0.604,231,226,5,6,0.11,0.05,5.57,175,150,46,289,15.92,64,296,78.38,5,6,10.4,10.1,2486,9.1,2673,0.918,101.1
2010-2011,Nashville Predators,26.7,82,44,27,11,99,0.604,219,194,6,4,0.31,0.01,5.04,167,147,41,269,15.24,41,272,84.93,5,2,8.5,8.3,2361,9,2510,0.924,101.5
2010-2011,Anaheim Ducks,28.9,82,47,30,5,99,0.604,239,235,4,2,0.09,0.05,5.78,161,169,67,285,23.51,57,305,81.31,7,7,14.1,13.2,2334,10.1,2648,0.912,100.1
2010-2011,Los Angeles Kings,26.3,82,46,30,6,98,0.598,219,198,10,2,0.29,0.03,5.09,158,150,47,291,16.15,40,276,85.51,4,6,11.4,11.6,2363,8.8,2288,0.914,100.4
2010-2011,Chicago Blackhawks,26.7,82,44,29,9,97,0.591,258,225,6,5,0.41,0.01,5.89,182,163,64,277,23.1,53,255,79.22,6,4,8.8,9.2,2637,9.6,2354,0.907,100
2010-2011,Montreal Canadiens,27.6,82,44,30,8,96,0.585,216,209,3,3,0.05,-0.04,5.18,151,149,57,290,19.66,51,327,84.4,5,6,13,12.9,2602,8.2,2537,0.919,99.7
2010-2011,Buffalo Sabres,27.5,82,43,29,10,96,0.585,245,229,5,1,0.15,-0.04,5.78,184,164,54,279,19.35,51,300,83,2,13,11.5,11.1,2690,8.9,2514,0.909,100.2
2010-2011,Dallas Stars,28,82,42,29,11,95,0.579,227,233,5,7,-0.02,0.05,5.61,157,156,55,306,17.97,55,277,80.14,10,15,12.8,13.5,2269,9.8,2504,0.91,101
2010-2011,Calgary Flames,30,82,41,29,12,94,0.573,250,237,9,7,0.14,-0.02,5.94,172,168,62,318,19.5,53,282,81.21,7,9,10,10.9,2501,9.6,2338,0.902,100.1
2010-2011,New York Rangers,26.2,82,44,33,5,93,0.567,233,198,9,3,0.37,-0.06,5.26,164,148,49,290,16.9,42,257,83.66,11,5,12.9,14.4,2453,9.1,2410,0.919,100.6
2010-2011,Carolina Hurricanes,26.6,82,40,31,11,91,0.555,236,239,5,5,-0.08,-0.04,5.79,169,177,55,346,15.9,51,272,81.25,7,6,10,12.5,2517,9.2,2725,0.914,100.4
2010-2011,St. Louis Blues,25.7,82,38,33,11,87,0.53,240,234,4,6,0.11,0.04,5.78,177,176,52,279,18.64,51,279,81.72,7,1,14.7,15.2,2475,9.5,2274,0.9,99.5
2010-2011,Minnesota Wild,28.9,82,39,35,8,86,0.524,206,233,3,5,-0.3,0.03,5.35,143,168,53,292,18.15,53,309,82.85,7,7,11.8,12,2148,9.5,2625,0.913,100.3
2010-2011,Toronto Maple Leafs,25.7,82,37,34,11,85,0.518,218,251,5,6,-0.41,0,5.72,156,175,52,326,15.95,62,275,77.45,5,8,11.8,13.5,2360,9,2540,0.904,100.5
2010-2011,New Jersey Devils,29.9,82,38,39,5,81,0.494,174,209,3,2,-0.41,0.02,4.67,134,159,34,237,14.35,40,241,83.4,3,8,9.1,9.5,2344,7.3,2152,0.904,98.1
2010-2011,Columbus Blue Jackets,26.8,82,34,35,13,81,0.494,215,258,5,8,-0.45,0.08,5.77,162,177,42,301,13.95,62,314,80.25,6,11,13.4,13.5,2506,8.4,2447,0.898,98.9
2010-2011,Atlanta Thrashers,26.1,82,34,36,12,80,0.488,223,269,5,7,-0.57,-0.01,6,159,189,53,289,18.34,64,285,77.54,6,10,11.1,10.5,2581,8.4,2638,0.901,99
2010-2011,Ottawa Senators,28.1,82,32,40,10,74,0.451,192,250,2,5,-0.69,0.02,5.39,139,193,45,257,17.51,48,295,83.73,6,4,13.9,11.6,2381,8,2559,0.904,97.9
2010-2011,New York Islanders,26.2,82,30,39,13,73,0.445,229,264,4,6,-0.42,0.01,6.01,158,199,52,302,17.22,52,310,83.23,15,7,18.2,16.1,2408,9.3,2620,0.902,99.2
2010-2011,Florida Panthers,28.3,82,30,40,12,72,0.439,195,229,4,7,-0.43,-0.01,5.17,152,176,35,267,13.11,41,267,84.64,4,5,8.5,8.9,2493,7.7,2609,0.915,99.2
2010-2011,Colorado Avalanche,25.9,82,30,44,8,68,0.415,227,288,6,1,-0.7,0.05,6.28,164,201,49,265,18.49,75,314,76.11,8,11,12.9,11.5,2394,9.2,2609,0.89,99.4
2010-2011,Edmonton Oilers,26.2,82,25,45,12,62,0.378,193,269,2,9,-0.87,0.06,5.63,139,184,44,304,14.47,74,321,76.95,8,2,15.2,14.4,2188,8.7,2597,0.9,98.9
2009-2010,Washington Capitals,27.2,82,54,15,13,121,0.738,318,233,5,6,0.9,-0.14,6.72,230,152,79,313,25.24,67,316,78.8,4,8,11.2,11,2693,11.6,2535,0.91,102.7
2009-2010,San Jose Sharks,29.3,82,51,20,11,113,0.689,264,215,7,6,0.65,0.05,5.84,184,151,65,309,21.04,49,324,84.88,8,9,13.9,13,2602,9.9,2571,0.919,101.3
2009-2010,Chicago Blackhawks,26.6,82,52,22,8,112,0.683,271,209,9,6,0.77,0.02,5.85,197,159,52,294,17.69,40,266,84.96,13,4,11.1,11.5,2798,9.4,2058,0.901,99
2009-2010,Phoenix Coyotes,28.2,82,50,25,7,107,0.652,225,202,14,6,0.34,0.06,5.21,162,141,46,314,14.65,49,317,84.54,3,6,11,10.7,2502,8.4,2427,0.919,100.1
2009-2010,New Jersey Devils,30.5,82,48,27,7,103,0.628,222,191,6,5,0.31,-0.07,5.04,158,140,51,272,18.75,41,240,82.92,7,5,10.3,11.2,2459,8.8,2213,0.916,100.2
2009-2010,Vancouver Canucks,28.1,82,49,28,5,103,0.628,272,222,4,4,0.6,-0.01,6.02,191,155,68,323,21.05,59,320,81.56,8,6,15.4,15,2534,10.6,2419,0.91,101.5
2009-2010,Detroit Red Wings,30.3,82,44,24,14,102,0.622,229,216,6,9,0.23,0.07,5.43,156,163,59,307,19.22,43,267,83.9,8,1,8.6,9.7,2737,8.1,2413,0.914,98.9
2009-2010,Los Angeles Kings,26.2,82,46,27,9,101,0.616,241,219,10,8,0.32,0.05,5.61,163,145,64,307,20.85,60,304,80.26,4,6,11.7,12.4,2389,9.7,2260,0.907,99.9
2009-2010,Pittsburgh Penguins,27.8,82,47,28,7,101,0.616,257,237,8,2,0.17,-0.07,6.02,186,175,56,326,17.18,52,327,84.1,7,8,14.4,14.4,2688,9.3,2350,0.9,99.6
2009-2010,Nashville Predators,27.6,82,47,29,6,100,0.61,225,225,8,4,0.06,0.06,5.49,165,156,47,286,16.43,59,258,77.13,5,5,8.5,9.8,2508,8.7,2396,0.908,100
2009-2010,Buffalo Sabres,27.8,82,45,27,10,100,0.61,235,207,4,6,0.26,-0.08,5.39,172,160,55,313,17.57,38,284,86.62,4,3,11,11.4,2588,8.9,2573,0.922,100.2
2009-2010,Colorado Avalanche,26.4,82,43,30,9,95,0.579,244,233,7,5,0.16,0.02,5.82,173,159,56,310,18.06,60,303,80.2,8,9,12.2,13.3,2287,10.4,2629,0.913,101.3
2009-2010,Ottawa Senators,27.9,82,44,32,6,94,0.573,225,238,5,5,-0.22,-0.06,5.65,165,179,49,290,16.9,50,318,84.28,5,4,13.6,13,2436,9,2340,0.9,98
2009-2010,Boston Bruins,28.1,82,39,30,13,91,0.555,206,200,10,9,0.01,-0.06,4.95,146,150,44,265,16.6,37,272,86.4,6,3,11.3,11.4,2599,7.5,2444,0.922,99.4
2009-2010,Calgary Flames,28.8,82,40,32,10,90,0.549,204,210,3,7,-0.03,0.04,5.05,150,147,43,268,16.04,54,305,82.3,7,1,13.8,13,2350,8.6,2372,0.914,99.8
2009-2010,St. Louis Blues,27.9,82,40,32,10,90,0.549,225,223,7,5,0.08,0.06,5.46,159,167,53,308,17.21,45,342,86.84,6,6,15.8,15.7,2445,8.9,2473,0.912,100
2009-2010,Anaheim Ducks,27.9,82,39,32,11,89,0.543,238,251,5,8,-0.07,0.09,5.96,162,166,63,300,21,67,323,79.26,8,9,16.1,15.5,2472,9.4,2736,0.911,100.8
2009-2010,Dallas Stars,28.3,82,37,31,14,88,0.537,237,254,7,10,-0.12,0.09,5.99,160,171,61,328,18.6,65,288,77.43,8,8,11.6,12.3,2523,9.1,2559,0.905,100
2009-2010,Philadelphia Flyers,27.7,82,41,35,6,88,0.537,236,225,4,3,0.08,-0.06,5.62,158,157,68,318,21.38,57,334,82.93,5,7,16.5,15.2,2589,9,2346,0.905,99.5
2009-2010,Montreal Canadiens,27.5,82,39,33,10,88,0.537,217,223,7,5,-0.14,-0.07,5.37,149,157,57,261,21.84,53,311,82.96,3,8,11.2,11,2345,9,2634,0.917,100.4
2009-2010,New York Rangers,26.8,82,38,33,11,87,0.53,222,218,3,4,0,-0.05,5.37,159,158,55,301,18.27,50,318,84.28,5,6,13.9,13,2425,9,2450,0.913,100.3
2009-2010,Minnesota Wild,28.6,82,38,36,8,84,0.512,219,246,5,7,-0.26,0.07,5.67,151,173,59,309,19.09,53,306,82.68,3,13,11.1,10.9,2266,9.4,2415,0.901,99.9
2009-2010,Atlanta Thrashers,27.5,82,35,34,13,83,0.506,234,256,4,6,-0.33,-0.06,5.98,170,189,51,316,16.14,57,320,82.19,9,4,12.7,12.8,2409,9.5,2716,0.908,100.5
2009-2010,Carolina Hurricanes,28.9,82,35,37,10,80,0.488,230,256,4,5,-0.37,-0.05,5.93,163,181,56,329,17.02,62,320,80.63,7,8,11.5,11.5,2402,9.4,2574,0.902,99.6
2009-2010,Tampa Bay Lightning,27,82,34,36,12,80,0.488,217,260,4,7,-0.56,-0.03,5.82,148,180,63,326,19.33,67,336,80.06,2,6,16.5,15.7,2367,9,2575,0.902,99.4
2009-2010,New York Islanders,28.3,82,34,37,11,79,0.482,222,264,8,6,-0.53,-0.02,5.93,158,184,49,306,16.01,71,300,76.33,7,3,11.3,11.9,2493,8.6,2619,0.901,99.2
2009-2010,Columbus Blue Jackets,26.1,82,32,35,15,79,0.482,216,259,2,10,-0.42,0.11,5.79,152,179,56,308,18.18,61,334,81.74,6,8,13,12.5,2338,9.2,2514,0.901,99
2009-2010,Florida Panthers,28.1,82,32,37,13,77,0.47,208,244,6,10,-0.47,-0.03,5.51,151,167,44,309,14.24,59,286,79.37,7,8,11.7,12.6,2331,8.7,2800,0.916,100.8
2009-2010,Toronto Maple Leafs,27,82,30,38,14,74,0.451,214,267,4,4,-0.68,-0.03,5.87,162,183,44,315,13.97,73,288,74.65,4,6,13.1,13.2,2671,7.9,2440,0.892,98.9
2009-2010,Edmonton Oilers,27.1,82,27,47,8,62,0.378,214,284,8,6,-0.76,0.09,6.07,148,206,52,301,17.28,67,305,78.03,6,5,13.6,13.3,2321,8.9,2716,0.898,99.3
